Full Stack Developer,Technijian Inc.,"Panchkula, Haryana","₹2,00,000 - ₹3,00,000 a month",Full-time,Monday to Friday,+1,Bachelor's,.NET: 5 years,ASP.NET: 5 years,+ 2 more,Easily apply,Responsive employer,Hiring multiple candidates,"Experience with system architecture, application design, database design, and administration.","Fast-paced environment with a focus on timely, correct results.",Posted,Posted 14 days ago,https://in.indeed.com/pagead/clk?mo=r&ad=-6NYlbfkN0D4RYeO-worQkdzX-SZzfDRUdWWv2n9_h5NrcafzUFHmSE77u2GPftuxD77-ACl6MZlyuxYqDO4PfhLaCrrB3h8etSz4UdmEDT5AGahkI7FxZ5UGvpJWscHMhYiHV_118hNn_p7XOajczfVnBnYDAEpg_Roa9G8-UWQw0qslgXWyg3Qv3j6QC4uho23_fFK7ZUbD-UBJqeIc_bYOxE9FTky862iubArAISdRxR7B5Hujhbk6ebmbo5cdVlVTTfZ-EPsqLdZlpsRYMfZl1xfvwYxAtFMM89vs9rgzHM-2Kk3xVe9iQtmmz9PCFx6KQnXwNbNLceSiWU1QofcIM0w13GwRWdc4VH4I9IKnCNjyPxLO7e104tvaLGqEHiMkeE8MhbylR9YK2NV6c40ZKiI0iJTx6IK4sKNVPMmwmwmE3oF1BG6RtU1sL5PtYtyeQdJ-nKbMX7Jrjtuvx-2FxRr7NWbXQbtaswlswUzIrmrxRl5cuZRVLypusFNjSVKe9je3xP_oof2914F4EE6YNMmJM-O&xkcb=SoBn-_M3OQ_T6LWHDx0LbzkdCdPP&p=0&fvj=1&vjs=3
Developer (Spark+Scala),London Stock Exchange Group,3.7,"Hyderabad, Telangana","Familiarity and experience in using continuous integration tools (Gitlab, Bamboo, Jenkins) and/or deployment (Puppet).",Solid grasp of Java and/or Scala.,Posted,Posted 30+ days ago,https://in.indeed.com/pagead/clk?mo=r&ad=-6NYlbfkN0Ay4cterl9ssKF4Fg4stOtzxvd6t4pWTtigsGFzPhjXG7YNRuodWBm90e4WUW5XXfVD_OiCXETm8BfR0hzjI4nE39uY1Vf8UXKgwnMUnNMLOhicwk43pgGh-KyJrBDyWwVRmv7-00gJKZe7VCyQeNshm5mlZ0aYkFMZqHkn0tSXQuqLDDu8TNIRiLKaQEjurnN6B9i0psqmHDoC_dBW-fKuXHndj7LY3hj3vmXTPpsUW331wtwKPrQHRyEK9t93zaqe4h_0ysibfBAvAoYdsNwSEEMqvgfBPSKVcciuaEv-WIe8l-Bq7yowsrzooyZIr0FRG-LW8VEXtvbb6DR1U9il3cUFEohu53l50V9njesCUL6a6WokyMM8R4-4D8jJeMD1OHad1Dy8b6JLZyPFCMwxA4y_s5Ll3eYM_KQ8L-DUseI8c7CuUZoQOPxghWePdepPsLDVq63X_gNZ3rJsp6Fh7QRqoV7udqEbRQNZoKC48x0U6oGw5UQFzupO_MJEc3ZUG5x-wchXUw6Ay7ByRicvjQfq5OiHGas=&xkcb=SoDT-_M3OQ_T6LWHDx0KbzkdCdPP&p=1&fvj=0&vjs=3
Data Warehouse ETL Application Developer,Genworth,3.7,"Remote in Noida, Uttar Pradesh","As part of your role, you are expected to own and independently execute on all phases of the document development life cycle, including analyze, design, develop…",Posted,Posted 30+ days ago,https://in.indeed.com/pagead/clk?mo=r&ad=-6NYlbfkN0DveHtaohNZTTr4NJ6iQ6LvBAugsddynFItxJfHbw6F-Apcu9BSZNSXJduK1PiHWWpC6NX53ViR48gySmoIqucpz8_3POQwc_cwyfCGP4n9ajKxF9quzC2INwXyCUxN-M41sFT-DygkOWoq5vVVsmXezgI3VS4-qFP59nmZUF-ZXKxJHV81KWTmn0ZAlhkWXHsUcyNkupG-riJ5k5ox0kSK8pdV53mE85pWhY3yFIimn3zqCLM1mQRupdPxba9VlL08JZc7l9EMeI43SYgk3QzX8bY7gITcgs3_G4QDFWWDulDk79yCtfOJKNs0H1kc82tU7qahYPgm2HQkdZBhWe2JwRPYQdNyKej_y43npzxAOgqYLG-nqs-vKQhEcVgQ2vJEQtuGHQqPGH_A_OtQCZB5Kfmqphs5aviIzWsLVctDJYiU-U9KdAKZr6f_2OqyZ8se0uKiRSBcYu8K4zFXkUitASCULsjMPfkAV2K-XdcQC7VomE8EZIpF3ddyUWpxUfJctJF_I3aI2T45wuzM2e_bJG7aOoedpk2tx7fn5VVnvtdGTDt0KjgXs-3wDFNkVZs=&xkcb=SoBO-_M3OQ_T6LWHDx0JbzkdCdPP&p=2&fvj=0&vjs=3
.NET Developer,One Click Solutions,"Kochi, Kerala","₹20,000 - ₹40,000 a month",Full-time,+1,Day shift,Easily apply Hiring multiple candidates,"Responsible for design, build, and deployment of code to testing environment with best practices.",Minimum 3 years or more of software development experience.,Posted,Posted 11 days ago,https://in.indeed.com/pagead/clk?mo=r&ad=-6NYlbfkN0D-5HeuMbGST2U4nEruqVQ3fGcYRhyxgTbQxlwjPo1uzhIYJTH0mRi3IKPP4ij4fwalgUtOcgSk9YhHUy6Rogh8N5OPRfGnffsEjmEUoCb_OhtuZCf-mQ8uq4KupL-YPAwDV-UxRzul5aBhqVf8Wxv7q3R5HabHNzLuQqYMErIvi-FwCW8nb7qh9LI1pnhRW9MdW_O-5X1OjUbHcsVGqsmpB8HHP7QSUo7MVTXzQfsWAr908UOw7JsK6L7EsnSWp7Yh3ijqLM8IE5ksXQoiJB3FacHpfjuE8NpsmbvECiOfOmklrKz9tC3ufKtUdMoWXKYwghWSiiynwgOherb2obtWmOhIE3M1_o3FgGzNWTf401tvPl9E9P4A658t8yezfsuV5VqqTbhGtm1scYYP7Jz4aqNymC0ygU_dW72zlWWHWYeeCckgdzlPxI364iXwZesABQxrp9_6qHfrL7kXS_2eI8yI9Mh4xBuycYruSLcCT9cCURTKJ3FgnEwCLqNEVJRZrzFVuUYbRQ==&xkcb=SoD6-_M3OQ_T6LWHDx0IbzkdCdPP&p=3&fvj=1&vjs=3
Associate Software Engineer,new,BOEING,3.9,"Bengaluru, Karnataka","Bachelor’s degree or higher in computer science, aerospace or other closely related field and 3-4 or more years' related work experience.",Posted,Posted 8 days ago,https://in.indeed.com/pagead/clk?mo=r&ad=-6NYlbfkN0D63QRoR8NHes0BU6XF05SdLAJ2qRn_ksMIVtdRlLGFB9iUONA4FrCC6w33WEuBxmb32jMC4Yw1PCsHT5Xzhcct1w2kJGSjFiQ09IlxL-5sHoJGbM6JH9vBhTzmGQ4po1PeQPCVP7BADnsrtkVk-FfwGToSXiL9s3Is7ZN3UFYWoTTSs1B4OxPPj5d5GSXCAlV65TqGFcgjvxhGQcQhXTnaV0MmDxEGFcRjqzKU44f2B7-cu0CqFrr3-9PEvVnPgSgelz2J6yhBUK3TaZwq5EuPU4XEGCDfCW23wwz-LjcYhbBUfIztUVPowT8JSApe-GGWK0rBHvT70rBukWNX8tpOWDcS7hF8xzHQQtwZ0NaupvCwdIz8QnIKC64CL0GXVqlEFim5KPclfT6S3dljVYXWfg48P6ccxm4bdnz0FF5IBfQnF0Y7DOYckrRYQVrDcalM9O4UbyTdzIvHvUAASkKP51JPd22-D7DYsb3YOJX_tDKW9MIJ6qD8MEjuBX7EqKGl1CS2TYxZ9RJzJDUlY2f56RgBw0MOglErJGlxXIBkhNGhdIGIcqIKMkJdwfQAPLNS3IRcCVwRJMqsEv3y-ZMQSopn61kiWo-9sHEYST6RPFOhA0AviyMsUC_xqXjEj4rCPgKrwJp8lkuLjFb0zIFkEcpynxJRRbhMXmGd4UIHI_1f3dWzbPeBdNjQ4CZqZW-uqpDPWyxcYpZxiSmjdpnaBuSgkFdGnxmQKZRqyh6vg-1lsqziBUVz&xkcb=SoB0-_M3OQ_T6LWHDx0PbzkdCdPP&p=4&fvj=0&vjs=3
Associate Software Engineer - Full Stack Development,BOEING,3.9,"Bengaluru, Karnataka",Applicable and appropriate educational/certification credentials from an accredited institution and/or equivalent experience is required.,Posted,Posted 29 days ago,https://in.indeed.com/pagead/clk?mo=r&ad=-6NYlbfkN0D63QRoR8NHes0BU6XF05SdLAJ2qRn_ksMIVtdRlLGFB9iUONA4FrCC6w33WEuBxmbLQQbxENv-gqtVpblvhVzrmVYaJGyj_efPQsd8uv_a2q3OOtru9sJW7CCZzErPsrJCRlSs5Egcmd73jrpSRnyL6UZpplgY015vRSwWPyVtDOZ5OHnryZXbdXpHR9o3chE9Ya7TJQiy9xEu6HifQWDsHuTnd8zAkIz-AkhEAeHdf75t6Msq_M2C716C2HthZPCZjlaGKz12LCdr8Q4qRA4ZSo9LP1RKhtKwcPvP80MDfKhCHiHeseJGypKxOGM3YlkC-fsQztNOV3Cc5L13tYN3Yt0u7O__nZcbyqTyc62as0taOujFmoLLRopD-Qzt2S6CwklNXU980pV0rbOOM5qNwGW1X6DltSJvAaBPnZ2cn-2786LHrABwMX4gas_QFcxGvcHm8zjG9WB4pmickID_8rfbTW7eGwf5k2XJFk5_nJSEGCfiqlVtQe-d0wCPg1XxYkQci_VHEUKfqNN059dw40Fu3T7MWE0S9FVgw72atXnGBBBqsDsnsEmUQLAtOYQCKpyOklLHnEi9S5rBD6F0q2HTMsfKOe5vfRbxynBdn0A88SOH8sIPIkc68Wp7zSgDAesEwE-B7CbRHbUWBq6zMyoC8c97gX5sJnlvZ5r9hcZznYK_uqzf98JFfjOWhCZtbe6ktSP8EHrI4-2oDevbbKslgzpEQ45SReVO1zcRfF0hwcRwx-y2&xkcb=SoDA-_M3OQ_T6LWHDx0ObzkdCdPP&p=5&fvj=0&vjs=3
ReactJS Developer,SYMLINK TECHNOLOGIES LLP,"Kolkata, West Bengal","₹10,000 - ₹25,000 a month",Full-time,Day shift,Reactjs,Easily apply,Urgently hiring,Experience with user interface design.,2 +Years of experience working as a ReactJS developer*.,"In-depth knowledge of JavaScript, TypeScript, CSS, HTML, and…",Posted,Posted 16 days ago,https://in.indeed.com/pagead/clk?mo=r&ad=-6NYlbfkN0AHnTLJbWrj1c87UnL_JT6y4sNvIYSGNP093_bd5BHP2GsKomsSTOpx8hbr5ys2Xb5F4teNrXBQ1i83sSD7ACweue0Z03c37Rzdq_OX0PFpt0CeBAXCtIXhlx5LCgSsDn-kRMlDGPMfDRJQmLRzgeRNP0S1iNJxByMicWny95xtzZYinPQSjDH2VZZnRE4nXNVajQVfYrn8uTk97qdPsHfstD5uucDbP7caMM8pjNz6JKigAyNbCid2EVj86DGEW9LnRFScPHHPHYQZGgbReSMgcTb7IGlHYw0_6CqaLbh8QA6ZrdAz-NuiLVdmvGHmFUqH-I1x7rxnG8vU4Hqmm9Kw3mXFu8QnmsDi7Oo9CQH-kZLavlJLZOT_PN0rnNlHavWNWWmHq1bXm-nFtkowXbPfsWSlwrzdp2Q3hOfDDyUWEXMkLRZDTHMMDoE6bIJJS1hL5IPF4uWsRr0OxB7T7cndzvMR2pXWt-BNjisXStZJRdjZeEZD9P54zMcBRZf3u1p-gTKgEsOIk_SQKXfge1GM73u4e7zOdGbhXU4xsRokAg==&xkcb=SoBd-_M3OQ_T6LWHDx0NbzkdCdPP&p=6&fvj=1&vjs=3
Software Engineer,new,ServiceNow,3.7,"Hyderabad, Telangana",Full-time,"Experience with data structures, algorithms, object-oriented design, design patterns, and performance/scale considerations.",Posted,Just posted·More...,https://in.indeed.com/rc/clk?jk=4bec068195edaafe&fccid=7442885bc0fa7c14&vjs=3
Software Engineer,new,symplr,"Remote in Bengaluru, Karnataka",Full-time,"Document and demonstrate solutions by developing documentation, flowcharts, layouts, diagrams, charts, code comments and clear testable code.",Posted,Posted 3 days ago·More...,https://in.indeed.com/rc/clk?jk=9b2bc0724a22e1b9&fccid=41038935c66d38a2&vjs=3
Software Engineer,new,CGI,3.6,"Hyderabad, Telangana",+1 location,Full-time,+1,Easily apply,Java Trained Grad Communication (Oral/Written); Java Enterprise Editions JEE; Java; JavaScript; Oracle PL/SQL.,Posted,Posted 2 days ago·More...,https://in.indeed.com/rc/clk?jk=cc981b034178d21e&fccid=43a69183767d4301&vjs=3
Software Engineer - Full Stack Java,Telstra,3.9,"Pune, Maharashtra",Full-time,+1,"Understanding of Web Services development using REST (XML, JSON), version control (Git), micro-service development using lightweight Java frameworks and…",Posted,Posted 30+ days ago,https://in.indeed.com/pagead/clk?mo=r&ad=-6NYlbfkN0CdG0mlcq8sM0kM4Z0XjE22y1IvS4TfdSBI7lJNBQS5z7JpQ3_4tlP2Z1SxCDGvrdkcc0Oca61hL7GNwS6_u3VQe_me5lsXJfzmwYi4XGTrHb8J0ljwIoOSdaHoXv4oaplNyNK0NJNrGTJR5SKb17yIlCCr7mRG3_WS88tN3sc0qBEX3Gk_9AnQYl2h_luQNTtGpiP8AQrKftbV12lXtulbwnjp8MEeU7M-oaJoFw3OvJxr99TjDiKz4dwV4gqD_SIt7YIQjHkukSBm6Zr6LoYVzddIplWzdQFCtNqInGwvRYb9edeMt7ZEAw1w1l-x4VL1mJ_SwQNP4Z-Jotpcj6xTiEB_aoCTneO6HUrdUnXOFbXXuv8xKsK8FTldNuqR1ie2l9YNQZ4vQlw56Z66_NEz9UD5QOiwpio1WBR3cuMuqOoHbWL8aVV4XI4Eab5XLVvduwejADJpuvbAPu6QtdUIw3cUfDFWVRGZV8VnDHXjfMkJhEZopgOnyzN2J-fLuNP9Hs4bSXr3L7mCNs6fBFLLgjkUOjn4IXqW8Evy0PcmqdK6Eku_PGXUxHfDNEsUBn603B5VLnF5bZvsK-rQ0mTw-hbTkejtNgN_CKg9P823DDgmykf6PDhIJ1I8OzLlT1jvcWIo0dxfx9goLxiXGqb1afa2jZbffT0=&xkcb=SoAp-_M3OQ_T6LWHDx0BbzkdCdPP&p=10&fvj=0&vjs=3
Engineering II-Software Development,new,Verizon,3.9,"Remote in Hyderabad, Telangana","When you join Verizon Verizon is one of the world’s leading providers of technology and communications services, transforming the way we connect across the…",Posted,Just posted·More...,https://in.indeed.com/rc/clk?jk=843d1c7a3d3b18d7&fccid=f7029f63fe5c906e&vjs=3
Fresh Graduates - (Associate Software Engineers),new,BPK Tech,"Remote in Hyderabad, Telangana","₹2,00,000 - ₹5,00,000 a year",Full-time,Have completed 3-4 years of graduation in any of the above-mentioned subjects or any discipline in Engineering or Science.,Posted,Posted 2 days ago·More...,https://in.indeed.com/rc/clk?jk=c4f1efc835854ba4&fccid=8b999b8ac28dba64&vjs=3
"Senior Software Engineer (DevOps), Client Ops – X Delivery",new,Boston Consulting Group,4.2,"Bengaluru, Karnataka",+1 location,Full-time,"At least 4-6 years of cloud, configuration management, automation, CI-CD, infrastructure as code experience in a commercial setup specifically services or…",Posted,Posted 3 days ago,https://in.indeed.com/pagead/clk?mo=r&ad=-6NYlbfkN0BRT_J8tESNZROimpc0WyD7EGfhllYDKcBPIyLxids1TTbUejwmjiSgq72YPe5icDmArs40S68GcT3fsTpUl5yB9T33SBoKeozHRkYa3abUq_W-zyxvcpq6mmm-aMO5kc12oPez3ZW2p-erOQ42BApBTldxHyLWXkQD4EmDb4tBsjC7Zf3fZ67krfn5utvglS4B8qesMT56rTVMq9qXakMt1Uct8jUMC6QiasHVh4RZkDqPikOlyaaN5GOE8bQhbQ6gLBK-lBzpKAtDzQBYERi2dfvqgXBOJBg104L7keJNOtiMUdS7mDIITqMXcwD9WtwH_BLAc5rkohkvMmIsSzlL_EdAYdZZNExsx88i9ra16KXzfXltz01C0iR2kwmbmQ4Rinj3AINZg-1NOj4BPw7_ymaryQsPj_tV6I7mpq_BKBNn_n9O8-DdaCHc33r4IOU9p4k_0CRB1PlH2GJy3d9Qs8ySNVjhHxEaFpCeV1m0cbn10mAWX3169t060enCfokbPnf4qGaMh2dY_4OLCDshMF0V-0N3R6MYTj8P79OCYw==&xkcb=SoCn-_M3OQ_T6LWHDx0GbzkdCdPP&p=13&fvj=0&vjs=3
Software Engineer,Mercedes-Benz Research and Development India...,4.1,"Bengaluru, Karnataka",Basic knowledge about Automation testing.,"Basic knowledge of tools like Jira, Kanban board, sprint planning or work experience would be good.",Posted,Posted 16 days ago·More...,https://in.indeed.com/rc/clk?jk=1c1e644fdabf7793&fccid=9ab138c02aaca829&vjs=3
